iteration,reward_mean,length_mean,games,loss
500,-1.0,2.0,9,0.10916513949632645
1000,-0.9,2.1,10,0.06951618194580078
